chrom	pos	type	ref	alt	trTv	heterozygotes	heterozygosity	homozygotes	homozygosity	missingGenos	missingness	ac	an	sampleMaf	vcfPos	id
chr20	1	SNP	A	T	2	NA00001	0.333	NA	0	NA	0	1	6	0.167	1	SIMPLE_SNP
chr20	1110696	MULTIALLELIC	A	G	0	NA00001;NA00002	0.667	NA	0	NA	0	2	6	0.333	1110696	MULTIALLELIC_SNP
chr20	1110696	MULTIALLELIC	A	T	0	NA00001;NA00002	0.667	NA00003	0.333	NA	0	4	6	0.667	1110696	MULTIALLELIC_SNP
chr20	1	INS	A	+C	0	NA00003	0.333	NA	0	NA	0	1	6	0.167	1	SIMPLE_INSERTION
chr20	1	INS	A	+CC	0	NA00001;NA00002	0.667	NA00003	0.333	NA	0	4	6	0.667	1	INSERTION_BETWEEN_TWO_BASES
chr20	1234568	MULTIALLELIC	T	-3	0	NA00001	0.333	NA00003	0.333	NA	0	3	6	0.5	1234567	microsat1
chr20	1234568	MULTIALLELIC	T	+A	0	NA00002	0.333	NA	0	NA	0	1	6	0.167	1234567	microsat1
chr20	3	MNP	C	A	2	NA	0	NA00003	0.5	NA00001	0.333	2	4	0.5	3	EXAMPLE_MISSING_MNP
chr20	4	MNP	C	A	2	NA	0	NA00003	0.5	NA00001	0.333	2	4	0.5	3	EXAMPLE_MISSING_MNP
chr20	5	MNP	C	A	2	NA	0	NA00003	0.5	NA00001	0.333	2	4	0.5	3	EXAMPLE_MISSING_MNP
