#AlleleID	Type	Name	GeneID	GeneSymbol	HGNC_ID	ClinicalSignificance	ClinSigSimple	LastEvaluated	RS# (dbSNP)	nsv/esv (dbVar)	RCVaccession	PhenotypeIDS	PhenotypeList	Origin	OriginSimple	Assembly	ChromosomeAccession	Chromosome	Start	Stop	ReferenceAllele	AlternateAllele	Cytogenetic	ReviewStatus	NumberSubmitters	Guidelines	TestedInGTR	OtherIDs	SubmitterCategories
24776	deletion	NM_003140.2(SRY):c.364_367delGAGA (p.Glu122Asnfs)	6736	SRY	HGNC:11311	Pathogenic	1	Jan 01, 1993	606231178	-	RCV000010390	MedGen:C2748896,OMIM:400044	46,XY sex reversal, type 1	germline	germline	GRCh38	NC_000024.10	Y	2787237	2787240	TCTC	-	Yp11.2	no assertion criteria provided	1		N	OMIM Allelic Variant:480000.0001	1
24776	deletion	NM_003140.2(SRY):c.364_367delGAGA (p.Glu122Asnfs)	6736	SRY	HGNC:11311	Pathogenic	1	Jan 01, 1993	606231178	-	RCV000010390	MedGen:C2748896,OMIM:400044	46,XY sex reversal, type 1	germline	germline	GRCh37	NC_000024.9	Y	2655278	2655281	TCTC	-	Yp11.31	no assertion criteria provided	1		N	OMIM Allelic Variant:480000.0001	1
99999	single nucleotide variant	NM_003140.2(SRY):c.326T>C (p.Phe109Ser)	6736	SRY	HGNC:11311	Pathogenic	1	Dec 01, 1992	104894956	-	RCV000010391	MedGen:C2748896,OMIM:400044	46,XY sex reversal, type 1 (FAKE TO TEST OVERLAP)	germline	germline	GRCh38	NC_000024.9	Y	2787237	2787237	A	G	Yp11.3	no assertion criteria provided	1		N	OMIM Allelic Variant:480000.0003,UniProtKB (protein):Q05066#VAR_003730_FAKE_9999	1
24777	single nucleotide variant	NM_003140.2(SRY):c.326T>C (p.Phe109Ser)	6736	SRY	HGNC:11311	Pathogenic	1	Dec 01, 1992	104894956	-	RCV000010391	MedGen:C2748896,OMIM:400044	46,XY sex reversal, type 1	germline	germline	GRCh37	NC_000024.9	Y	2655319	2655319	A	G	Yp11.3	no assertion criteria provided	1		N	OMIM Allelic Variant:480000.0003,UniProtKB (protein):Q05066#VAR_003730	1
24777	single nucleotide variant	NM_003140.2(SRY):c.326T>C (p.Phe109Ser)	6736	SRY	HGNC:11311	Pathogenic	1	Dec 01, 1992	104894956	-	RCV000010391	MedGen:C2748896,OMIM:400044	46,XY sex reversal, type 1	germline	germline	GRCh38	NC_000024.10	Y	2787278	2787278	A	G	Yp11.2	no assertion criteria provided	1		N	OMIM Allelic Variant:480000.0003,UniProtKB (protein):Q05066#VAR_003730	1
24778	single nucleotide variant	NM_003140.2(SRY):c.178G>C (p.Val60Leu)	6736	SRY	HGNC:11311	Pathogenic	1	May 01, 1992	104894957	-	RCV000010392	MedGen:C2748896,OMIM:400044	46,XY sex reversal, type 1	germline	germline	GRCh37	NC_000024.9	Y	2655467	2655467	C	G	Yp11.3	no assertion criteria provided	1		N	OMIM Allelic Variant:480000.0004,UniProtKB (protein):Q05066#VAR_003719	1
24778	single nucleotide variant	NM_003140.2(SRY):c.178G>C (p.Val60Leu)	6736	SRY	HGNC:11311	Pathogenic	1	May 01, 1992	104894957	-	RCV000010392	MedGen:C2748896,OMIM:400044	46,XY sex reversal, type 1	germline	germline	GRCh38	NC_000024.10	Y	2787426	2787426	C	G	Yp11.2	no assertion criteria provided	1		N	OMIM Allelic Variant:480000.0004,UniProtKB (protein):Q05066#VAR_003719	1
24779	single nucleotide variant	NM_003140.2(SRY):c.277C>T (p.Gln93Ter)	6736	SRY	HGNC:11311	Pathogenic	1	Jul 01, 1992	104894958	-	RCV000010393	MedGen:C2748896,OMIM:400044	46,XY sex reversal, type 1	germline	germline	GRCh37	NC_000024.9	Y	2655368	2655368	G	A	Yp11.3	no assertion criteria provided	1		N	OMIM Allelic Variant:480000.0005	1
24779	single nucleotide variant	NM_003140.2(SRY):c.277C>T (p.Gln93Ter)	6736	SRY	HGNC:11311	Pathogenic	1	Jul 01, 1992	104894958	-	RCV000010393	MedGen:C2748896,OMIM:400044	46,XY sex reversal, type 1	germline	germline	GRCh38	NC_000024.10	Y	2787327	2787327	G	A	Yp11.2	no assertion criteria provided	1		N	OMIM Allelic Variant:480000.0005	1
24780	single nucleotide variant	NM_003140.2(SRY):c.270C>G (p.Ile90Met)	6736	SRY	HGNC:11311	Pathogenic	1	Apr 01, 2003	104894959	-	RCV000010394;RCV000010395	MedGen:C2748896,OMIM:400044;MedGen:C2748897	46,XY sex reversal, type 1;46,XY true hermaphroditism, SRY-related	germline	germline	GRCh37	NC_000024.9	Y	2655375	2655375	G	C	Yp11.3	no assertion criteria provided	1		N	OMIM Allelic Variant:480000.0006,OMIM Allelic Variant:480000.0014,UniProtKB (protein):Q05066#VAR_003724	1
24780	single nucleotide variant	NM_003140.2(SRY):c.270C>G (p.Ile90Met)	6736	SRY	HGNC:11311	Pathogenic	1	Apr 01, 2003	104894959	-	RCV000010394;RCV000010395	MedGen:C2748896,OMIM:400044;MedGen:C2748897	46,XY sex reversal, type 1;46,XY true hermaphroditism, SRY-related	germline	germline	GRCh38	NC_000024.10	Y	2787334	2787334	G	C	Yp11.2	no assertion criteria provided	1		N	OMIM Allelic Variant:480000.0006,OMIM Allelic Variant:480000.0014,UniProtKB (protein):Q05066#VAR_003724	1
24781	single nucleotide variant	NM_003140.2(SRY):c.317A>T (p.Lys106Ile)	6736	SRY	HGNC:11311	Pathogenic	1	Nov 01, 1992	104894964	-	RCV000010396	MedGen:C2748896,OMIM:400044	46,XY sex reversal, type 1	germline	germline	GRCh37	NC_000024.9	Y	2655328	2655328	T	A	Yp11.3	no assertion criteria provided	1		N	OMIM Allelic Variant:480000.0007,OMIM Allelic Variant:480000.0017,UniProtKB (protein):Q05066#VAR_003728	1
24781	single nucleotide variant	NM_003140.2(SRY):c.317A>T (p.Lys106Ile)	6736	SRY	HGNC:11311	Pathogenic	1	Nov 01, 1992	104894964	-	RCV000010396	MedGen:C2748896,OMIM:400044	46,XY sex reversal, type 1	germline	germline	GRCh38	NC_000024.10	Y	2787287	2787287	T	A	Yp11.2	no assertion criteria provided	1		N	OMIM Allelic Variant:480000.0007,OMIM Allelic Variant:480000.0017,UniProtKB (protein):Q05066#VAR_003728	1
24782	deletion	NM_003140.2(SRY):c.324delA (p.Phe109Serfs)	6736	SRY	HGNC:11311	Pathogenic	1	Jan 01, 1993	606231179	-	RCV000010397	MedGen:C2748896,OMIM:400044	46,XY sex reversal, type 1	germline	germline	GRCh38	NC_000024.10	Y	2787280	2787280	T	-	Yp11.2	no assertion criteria provided	1		N	OMIM Allelic Variant:480000.0008	1
24782	deletion	NM_003140.2(SRY):c.324delA (p.Phe109Serfs)	6736	SRY	HGNC:11311	Pathogenic	1	Jan 01, 1993	606231179	-	RCV000010397	MedGen:C2748896,OMIM:400044	46,XY sex reversal, type 1	germline	germline	GRCh37	NC_000024.9	Y	2655321	2655321	T	-	Yp11.31	no assertion criteria provided	1		N	OMIM Allelic Variant:480000.0008	1
